<?xml version="1.0" encoding="UTF-8"?>
<project-private xmlns="http://www.netbeans.org/ns/project-private/1">
    <editor-bookmarks xmlns="http://www.netbeans.org/ns/editor-bookmarks/2" lastBookmarkId="0"/>
    <open-files xmlns="http://www.netbeans.org/ns/projectui-open-files/2">
        <group>
            <file>file:/C:/Users/dlaxm/OneDrive/Documents/NetBeansProjects/AirlineManagementSystem/src/airlinemanagementsystem/Cancel.java</file>
            <file>file:/C:/Users/dlaxm/OneDrive/Documents/NetBeansProjects/AirlineManagementSystem/src/airlinemanagementsystem/BoardingPass.java</file>
            <file>file:/C:/Users/dlaxm/OneDrive/Documents/NetBeansProjects/AirlineManagementSystem/src/airlinemanagementsystem/JourneyDetails.java</file>
            <file>file:/C:/Users/dlaxm/OneDrive/Documents/NetBeansProjects/AirlineManagementSystem/src/airlinemanagementsystem/AddCustomer.java</file>
            <file>file:/C:/Users/dlaxm/OneDrive/Documents/NetBeansProjects/AirlineManagementSystem/src/airlinemanagementsystem/FlightInfo.java</file>
            <file>file:/C:/Users/dlaxm/OneDrive/Documents/NetBeansProjects/AirlineManagementSystem/src/airlinemanagementsystem/Home.java</file>
            <file>file:/C:/Users/dlaxm/OneDrive/Documents/NetBeansProjects/AirlineManagementSystem/src/airlinemanagementsystem/Login.java</file>
            <file>file:/C:/Users/dlaxm/OneDrive/Documents/NetBeansProjects/AirlineManagementSystem/src/airlinemanagementsystem/Conn.java</file>
            <file>file:/C:/Users/dlaxm/OneDrive/Documents/NetBeansProjects/AirlineManagementSystem/src/airlinemanagementsystem/BookFlight.java</file>
        </group>
    </open-files>
</project-private>
